{
    "duration-1": 2.927621603012085,
    "iterations-1": 38,
    "throughput-1": 9.222503335889117,
    "duration": 2.9278297424316406,
    "p50-latency-0": 64.3700361251831,
    "throughput-0": 32.203886399001064,
    "p90-latency-0": 142.8278207778931,
    "p95-latency-0": 156.5918684005737,
    "p99-latency-0": 181.01235866546628
}