{"p50_latency": 19.11342144012451, "p95_latency": 25.438904762268066, "p99_latency": 104.0643930435141, "throughput": 19.992602003050518}