{"p50_latency": 12.213349342346191, "p95_latency": 21.53183221817016, "p99_latency": 24.332609176635742, "throughput": 20.809929229394967}