{"p50_latency": 49.814581871032715, "p95_latency": 88.04361820220944, "p99_latency": 103.14377069473264, "throughput": 4.419203398744611}